island,variable,chisq,df,pvalue
Bimini,PC1,9.307034828450469,2,0.00952802889564661
Little Cayman,PC3,19.94899119067918,2,4.657272002963939e-5
