island,variable,pseudoF,df,pvalue,r2
Bimini,PC1,5.141229773752699,2,0.004995004995004995,0.15995746926743762
Little Cayman,PC3,12.743873840343998,2,9.99000999000999e-4,0.37766481408271174
