island,n,score,pvalue
Abaco,86,0.5581395348837209,5.775129975016391e-6
Bimini,57,0.5087719298245614,0.0020560776149707305
Cayman Brac,50,0.736,4.8652089024159295e-9
Eleuthera,55,0.4436363636363636,0.04111638301550857
Little Cayman,45,0.7155555555555556,4.819106980136212e-8
Long Island,53,0.5811320754716981,1.4981135920788535e-4
North Andros,28,0.6428571428571429,1.9719444961008303e-4
Ragged Island,50,0.41200000000000003,0.12592389659550818
South Andros,31,0.5161290322580645,0.01108022794524377
