island,n,score,pvalue
Abaco,86,0.6116279069767442,7.427972925633242e-8
Bimini,67,0.5104477611940299,0.0010846914043992628
Cayman Brac,50,0.728,4.8652089024159295e-9
Eleuthera,56,0.4928571428571429,0.007241872028572405
Little Cayman,45,0.648888888888889,5.001188288278335e-6
Long Island,53,0.6339622641509435,4.375239245457685e-6
North Andros,28,0.5071428571428571,0.021561678541610174
Ragged Island,50,0.368,0.28736866245783843
South Andros,31,0.4838709677419355,0.027024092727195193
