"nesting","accu","n","ptest","ntest","pvalue"
"1",0.446322580645161,466,0.2,93,0.0116569256989506
