"nesting","accu","n","ptest","ntest","pvalue"
"1",0.509060855639442,466,0.2,93,0.00020954124152861
