"nesting","accu","n","ptest","ntest","pvalue"
"1",0.405643331045527,466,0.2,93,0.0779390600626126
