island,n,score,pvalue
Abaco,86,0.613953488372093,7.427972925633242e-8
Bimini,57,0.47368421052631576,0.009767128438674222
Cayman Brac,50,0.7319999999999999,4.8652089024159295e-9
Eleuthera,55,0.4763636363636364,0.011165038237123337
Little Cayman,45,0.7244444444444444,4.819106980136212e-8
Long Island,53,0.6226415094339622,4.375239245457685e-6
North Andros,28,0.7214285714285714,7.8319028925522e-6
Ragged Island,50,0.368,0.28736866245783843
South Andros,31,0.44516129032258067,0.11518428622739774
