island,mantel,pvalue
Abaco,0.448356282746132,0.033
Bimini,0.8101074518266045,0.25
Cayman Brac,-0.7366540072496383,0.8333333333333334
Eleuthera,0.8435726822767594,0.058333333333333334
Little Cayman,-0.04205715170143634,0.6666666666666666
Long Island,0.36740536864800977,0.3333333333333333
North Andros,0.0511943310573578,0.6666666666666666
Ragged Island,-0.36295763688851806,0.7083333333333334
South Andros,-0.9788398998782817,1
