island,mantel,pvalue
Abaco,0.4392602447292409,0.032
Bimini,-0.7249777512857352,1
Cayman Brac,-0.7366540072495702,0.8333333333333334
Eleuthera,0.8268869642805847,0.058333333333333334
Little Cayman,-0.04205715170143582,0.6666666666666666
Long Island,-0.07736291045147617,0.5833333333333334
North Andros,-0.9678538425409462,1
Ragged Island,-0.362957636888578,0.7083333333333334
South Andros,0.9629535745759373,0.16666666666666666
