island,robs,pvalue
Abaco,0.4392602447292409,0.08399999999999996
Bimini,-0.7249777512857352,0.81
Cayman Brac,-0.7366540072495702,0.751
Eleuthera,0.8268869642805847,0.007000000000000006
Little Cayman,-0.04205715170143582,0.616
Long Island,-0.07736291045147617,0.46699999999999997
North Andros,-0.9678538425409462,0.899
Ragged Island,-0.362957636888578,0.573
South Andros,0.9629535745759373,0.05700000000000005
