"chisq","df","pvalue","signif"
44.9314571172146,20,0.00112732852985632,"**"
