"variable","K2","df","pvalue","signif"
"PC1",1.92074317860428,2,0.382750633506203,""
"PC2",3.86041809535331,2,0.145117858761295,""
"PC3",4.28283531133073,2,0.117488167139431,""
"PC4",2.05758487522404,2,0.357438329146795,""
