"island","chisq","df","pvalue","signif"
"Abaco",47.1387367865071,20,0.000561135753890416,"***"
"Bimini",36.0456960339949,20,0.015191968326154,"*"
"Cayman Brac",36.90758678542,20,0.0120041645607992,"*"
"Eleuthera",44.5833596506046,20,0.00125634957537509,"**"
"Little Cayman",32.7867150804265,20,0.0356037095713119,"*"
"Long Island",56.2150587897705,20,2.69786842552e-05,"***"
"North Andros",33.6868887429827,20,0.0283224423313003,"*"
"Ragged Island",29.2815578304924,20,0.0823616151404282,""
"South Andros",46.5291484989319,20,0.000681575006972436,"***"
