island,n,score,pvalue
Abaco,86,0.6441860465116279,1.7268642071854856e-9
Bimini,67,0.5850746268656717,8.745677784860462e-6
Cayman Brac,50,0.78,1.6649792655698548e-11
Eleuthera,56,0.42499999999999993,0.08706848554725632
Little Cayman,45,0.7377777777777779,8.316804356311991e-9
Long Island,53,0.5735849056603773,1.4981135920788535e-4
North Andros,28,0.41428571428571426,0.19107386940467208
Ragged Island,50,0.4,0.12592389659550818
South Andros,31,0.5870967741935483,0.0013107029563028672
